{
  "checkpoint": "/home/ubuntu/Percept/outputs/ans_encoder/final.pt",
  "classification": {
    "per_N": {
      "1": 1.0,
      "2": 1.0,
      "3": 1.0,
      "4": 1.0,
      "5": 1.0,
      "6": 1.0,
      "7": 1.0
    },
    "subitizing_acc": 1.0,
    "larger_acc": 1.0,
    "overall_acc": 1.0,
    "confusion": [
      [
        200,
        0,
        0,
        0,
        0,
        0,
        0
      ],
      [
        0,
        200,
        0,
        0,
        0,
        0,
        0
      ],
      [
        0,
        0,
        200,
        0,
        0,
        0,
        0
      ],
      [
        0,
        0,
        0,
        200,
        0,
        0,
        0
      ],
      [
        0,
        0,
        0,
        0,
        200,
        0,
        0
      ],
      [
        0,
        0,
        0,
        0,
        0,
        200,
        0
      ],
      [
        0,
        0,
        0,
        0,
        0,
        0,
        200
      ]
    ],
    "Ns": [
      1,
      2,
      3,
      4,
      5,
      6,
      7
    ]
  },
  "weber_ratio": {
    "by_ratio_bucket": {
      "ratio_2+": 1.0,
      "ratio_1.5+": 1.0,
      "ratio_1.2+": 1.0
    },
    "per_pair": {
      "1_vs_2": 1.0,
      "1_vs_3": 1.0,
      "1_vs_4": 1.0,
      "1_vs_5": 1.0,
      "1_vs_6": 1.0,
      "1_vs_7": 1.0,
      "2_vs_4": 1.0,
      "2_vs_5": 1.0,
      "2_vs_6": 1.0,
      "2_vs_7": 1.0,
      "3_vs_6": 1.0,
      "3_vs_7": 1.0,
      "2_vs_3": 1.0,
      "3_vs_5": 1.0,
      "4_vs_6": 1.0,
      "4_vs_7": 1.0,
      "3_vs_4": 1.0,
      "4_vs_5": 1.0,
      "5_vs_6": 1.0,
      "5_vs_7": 1.0,
      "6_vs_7": 1.0
    }
  },
  "spatial_invariance": {
    "per_N": {
      "1": {
        "mean": 0.999883234500885,
        "min": 0.9990597367286682,
        "p10": 0.999760091304779
      },
      "2": {
        "mean": 0.9998427033424377,
        "min": 0.9993622303009033,
        "p10": 0.9996829032897949
      },
      "3": {
        "mean": 0.9996644854545593,
        "min": 0.9984422922134399,
        "p10": 0.9993149638175964
      },
      "4": {
        "mean": 0.9989097714424133,
        "min": 0.993412435054779,
        "p10": 0.9975599646568298
      },
      "5": {
        "mean": 0.999062716960907,
        "min": 0.9954107999801636,
        "p10": 0.9983359575271606
      },
      "6": {
        "mean": 0.9985069632530212,
        "min": 0.9870346784591675,
        "p10": 0.9969324469566345
      },
      "7": {
        "mean": 0.9991720914840698,
        "min": 0.9918522834777832,
        "p10": 0.9981249570846558
      }
    },
    "overall_mean": 0.9992917094911847,
    "overall_min": 0.9870346784591675
  },
  "clustering": {
    "ari": 1.0,
    "nmi": 0.999999999978416,
    "n_samples": 350,
    "k_clusters": 7
  },
  "weber_curve": {
    "by_k": {
      "1": 0.4794489194949468,
      "2": 0.29953466057777406,
      "3": -0.0046380506828427315,
      "4": -0.3282982110977173,
      "5": -0.6395837962627411,
      "6": -0.9475332498550415
    },
    "monotonic_decreasing": true
  },
  "stop_gate": {
    "passes": {
      "subitizing_acc_>_0.95": true,
      "larger_acc_>_0.80": true,
      "spatial_invariance_mean_>_0.85": true,
      "spatial_invariance_min_>_0.5": true,
      "unsupervised_ARI_>_0.75": true,
      "weber_monotonic_decreasing": true
    },
    "overall_pass": true
  }
}